<?xml version="1.0" encoding="UTF-8"?>
<project-private xmlns="http://www.netbeans.org/ns/project-private/1">
    <editor-bookmarks xmlns="http://www.netbeans.org/ns/editor-bookmarks/2" lastBookmarkId="0"/>
    <open-files xmlns="http://www.netbeans.org/ns/projectui-open-files/2">
        <group>
            <file>file:/C:/Users/belwa/OneDrive/Documents/NetBeansProjects/GestionBibliotheque/src/gestionbibliotheque/GestionBibliotheque.java</file>
            <file>file:/C:/Users/belwa/OneDrive/Documents/NetBeansProjects/GestionBibliotheque/src/gestionbibliotheque/dao/LivreDao.java</file>
            <file>file:/C:/Users/belwa/OneDrive/Documents/NetBeansProjects/GestionBibliotheque/src/gestionbibliotheque/Main.java</file>
            <file>file:/C:/Users/belwa/OneDrive/Documents/NetBeansProjects/GestionBibliotheque/src/gestionbibliotheque/ui/MainMenu.java</file>
            <file>file:/C:/Users/belwa/OneDrive/Documents/NetBeansProjects/GestionBibliotheque/src/gestionbibliotheque/model/Livre.java</file>
            <file>file:/C:/Users/belwa/OneDrive/Documents/NetBeansProjects/GestionBibliotheque/src/gestionbibliotheque/ui/LivrePanel.java</file>
            <file>file:/C:/Users/belwa/OneDrive/Documents/NetBeansProjects/GestionBibliotheque/src/gestionbibliotheque/util/DBConnexion.java</file>
            <file>file:/C:/Users/belwa/OneDrive/Documents/NetBeansProjects/GestionBibliotheque/src/gestionbibliotheque/dao/UtilisateurDao.java</file>
            <file>file:/C:/Users/belwa/OneDrive/Documents/NetBeansProjects/GestionBibliotheque/src/gestionbibliotheque/dao/EmpruntDao.java</file>
            <file>file:/C:/Users/belwa/OneDrive/Documents/NetBeansProjects/GestionBibliotheque/src/gestionbibliotheque/model/Utilisateur.java</file>
            <file>file:/C:/Users/belwa/OneDrive/Documents/NetBeansProjects/GestionBibliotheque/src/gestionbibliotheque/model/Emprunt.java</file>
            <file>file:/C:/Users/belwa/OneDrive/Documents/NetBeansProjects/GestionBibliotheque/src/gestionbibliotheque/service/LivreService.java</file>
            <file>file:/C:/Users/belwa/OneDrive/Documents/NetBeansProjects/GestionBibliotheque/src/gestionbibliotheque/service/UtilisateurService.java</file>
            <file>file:/C:/Users/belwa/OneDrive/Documents/NetBeansProjects/GestionBibliotheque/src/gestionbibliotheque/service/EmpruntService.java</file>
            <file>file:/C:/Users/belwa/OneDrive/Documents/NetBeansProjects/GestionBibliotheque/src/gestionbibliotheque/ui/UtilisateurPanel.java</file>
            <file>file:/C:/Users/belwa/OneDrive/Documents/NetBeansProjects/GestionBibliotheque/src/gestionbibliotheque/ui/EmpruntPanel.java</file>
            <file>file:/C:/Users/belwa/OneDrive/Documents/NetBeansProjects/GestionBibliotheque/src/TestConnexion.java</file>
            <file>file:/C:/Users/belwa/OneDrive/Documents/NetBeansProjects/GestionBibliotheque/src/gestionbibliotheque/ui/EmpruntDao.java</file>
            <file>file:/C:/Users/belwa/OneDrive/Documents/NetBeansProjects/GestionBibliotheque/src/gestionbibliotheque/ui/LoginFrame.java</file>
        </group>
    </open-files>
</project-private>
